Oils and Fluids | Engine Oil | Engine Oil 5W-40, 1l | £7,85
Oils and Fluids | Engine Oil | Engine Oil 5W-30, 1l | £7,85
Oils and Fluids | Engine Oil | Engine Oil Mobil Super 3000 X1 Formula FE 5W-30 5W-30, 1l | £7,85
Oils and Fluids | Engine Oil | Engine Oil GTX A3/B4 5W-40 5W-40, 1l | £8,06
Oils and Fluids | Engine Oil | Engine Oil 5W-40, 1l | £8,06
Oils and Fluids | Engine Oil | Engine Oil HighTronic M 5W-40 5W-40, 1l | £8,06
Oils and Fluids | Engine Oil | Engine Oil 5W-40, 1l | £8,06
Oils and Fluids | Engine Oil | Engine Oil HighTronic F 5W-30 5W-30, 1l | £8,32
Oils and Fluids | Engine Oil | Engine Oil 5W-40, 1l | £8,32
Oils and Fluids | Engine Oil | Engine Oil 5W-40, 1l | £8,32
Oils and Fluids | Engine Oil | Engine Oil RAVENOL FO SAE 5W-30 5W-30, 1l | £8,46
Oils and Fluids | Engine Oil | Engine Oil MAGNATEC 5W-40 C3 5W-40, 1l | £8,53
Oils and Fluids | Engine Oil | Engine Oil 5W-30, 1l | £8,96
Oils and Fluids | Engine Oil | Engine Oil 5W-30, 1l | £8,96
Oils and Fluids | Engine Oil | Engine Oil 5W-30, 1l | £9,22
Oils and Fluids | Brake Fluid | Brake Fluid | £4,72
Oils and Fluids | Brake Fluid | Brake Fluid | £5,15
Oils and Fluids | Brake Fluid | Brake Fluid | £5,62
Oils and Fluids | Brake Fluid | Brake Fluid BRAKE FLUID DOT 4 | £6,26
Oils and Fluids | Brake Fluid | Brake Fluid | £6,52
Oils and Fluids | Brake Fluid | Brake Fluid DOT 5.1 | £6,52
Oils and Fluids | Brake Fluid | Brake Fluid | £8,06
Oils and Fluids | Brake Fluid | Brake Fluid | £8,53
Oils and Fluids | Brake Fluid | Brake Fluid BRAKE FLUID DOT 4 | £9,22
Oils and Fluids | Brake Fluid | Brake Fluid SL6 DOT 4 | £9,22
Oils and Fluids | Brake Fluid | Brake Fluid | £11,45
Oils and Fluids | Brake Fluid | Brake Fluid | £11,92
Oils and Fluids | Gearbox Oil and Transmission Oil | Transmission Oil RAVENOL ATF 6 HP Fluid | £12,82
Oils and Fluids | Gearbox Oil and Transmission Oil | Transmission Oil MEYLE-ORIGINAL Quality | £13,72
Oils and Fluids | Gearbox Oil and Transmission Oil | Transmission Oil SYNTRAX LIMITED SLIP 75W-140 | £18,43
Oils and Fluids | Gearbox Oil and Transmission Oil | Transmission Oil | £18,43
Oils and Fluids | Gearbox Oil and Transmission Oil | Transmission Oil RAVENOL ATF 6 HP Fluid | £49,46
Oils and Fluids | Gearbox Oil and Transmission Oil | Transmission Oil Top Tec ATF 1800 | £52,42
Oils and Fluids | Gearbox Oil and Transmission Oil | Automatic Transmission Oil Top Tec ATF 1800 | £13,46
Oils and Fluids | Gearbox Oil and Transmission Oil | Axle Gear Oil 75W-140 | £11,45
Oils and Fluids | Gearbox Oil and Transmission Oil | Axle Gear Oil Hypoid (GL5)LS SAE 75W-140 75W-140 | £12,56
Oils and Fluids | Gearbox Oil and Transmission Oil | Axle Gear Oil SYNTRAX LIMITED SLIP 75W-140 75W-140 | £13,46
Oils and Fluids | Gearbox Oil and Transmission Oil | Axle Gear Oil SYNTRAX LIMITED SLIP 75W-140 75W-140 | £22,25
Oils and Fluids | Gearbox Oil and Transmission Oil | Axle Gear Oil Hypoid (GL5)LS SAE 75W-140 75W-140 | £23,15
Oils and Fluids | Gearbox Oil and Transmission Oil | Transmission Oil | £11,45
Oils and Fluids | Gearbox Oil and Transmission Oil | Transmission Oil | £34,63
Oils and Fluids | Gearbox Oil and Transmission Oil | Transmission Oil ZF LifeguardFluid 6 | £37,55
Oils and Fluids | Antifreeze | Antifreeze | £8,32
Oils and Fluids | Antifreeze | Antifreeze | £8,53
Oils and Fluids | Antifreeze | Antifreeze Coolant Ready Mix RAF12 Plus | £8,96
Oils and Fluids | Antifreeze | Antifreeze RADICOOL SF | £10,33
Oils and Fluids | Antifreeze | Antifreeze | £7,16
Oils and Fluids | Antifreeze | Antifreeze | £6,73
Oils and Fluids | Antifreeze | Antifreeze RADICOOL SF | £9,22
Oils and Fluids | Antifreeze | Antifreeze | £15,52
